name,age,postcode
Glynis Renner,62,W9 2LL
Ike Von DDS,87,AA2 8NJ
Burl Fadel,24,TN5R 1LW
Allen Shields,40,SC8E 0AB
Max Runolfsson,99,U8P 5JB
Jolynn Prosacco,76,R6 6NA
Amb. Hubert Schroeder,21,RL8 3ZT
Toney Wunsch JD,85,JP1 9NP
Quintin Strosin,92,WP1H 2BJ
Rep. Griselda Blanda,57,ZE7A 4WW
Cristobal Bechtelar,76,L1 0XL
Ignacio Rodriguez,83,F7 9JL
Tomiko Von,48,ZH1X 4BB
Jerome Cremin,36,ZU9 6SJ
Gil Shields,65,H8A 8LL
Glen Schmidt,73,RB9 5JB
Rev. Aubrey Torp,34,W7 1YZ
Lucio Quitzon,21,GR3N 3HL
Carmen Gleason,89,YC61 4NB
Erminia Bailey,78,AV1A 0BB
